,batchsize,expr_train,expr_infer,session_infer
1,1,401.203613,73.798721,50.856
2,2,847.078979,134.736588,113.047
3,4,1725.541138,242.435196,221.529
4,8,3536.923584,466.303650,444.864
5,16,7215.961914,914.484497,895.780
6,32,15580.644531,1822.925049,1849.615
