,batchsize,expr_train,expr_infer,session_infer
1,1,409.361298,95.216568,38.824
2,2,657.549133,135.774368,72.016
3,4,1090.802979,205.459656,154.450
4,8,2065.871094,365.747192,310.409
5,16,4191.648926,673.441956,598.580
6,32,8738.057617,1322.759033,1395.933
