,batchsize,expr_train,expr_infer,session_infer
1,1,665.254761,52.495705,36.301
2,2,1332.889526,97.337448,86.095
3,4,2364.527832,185.335907,176.915
4,8,4615.010742,377.214111,372.769
5,16,9274.763672,754.565186,746.844
6,32,19685.847656,1510.637329,1511.216
