,batchsize,expr_train,expr_infer,session_infer
1,1,366.120605,67.292099,44.637
2,2,786.499329,119.731766,95.536
3,4,1577.864746,218.479950,196.484
4,8,3304.507812,415.943390,392.768
5,16,6655.237793,801.260986,782.505
6,32,14283.291992,1596.365112,1569.963
