,batchsize,expr_train,expr_infer,session_infer
1,1,16.181452,1.333203,0.638ms
2,2,18.095184,2.802385,1.385ms
3,4,19.591009,3.250774,1.718ms
4,8,21.208899,3.494096,2.680ms
5,16,26.786871,7.981390,5.285ms
6,32,42.295830,14.576358,7.960ms
7,64,75.134865,16.858709,16.183ms
8,128,140.767609,34.580593,33.202ms
9,256,270.309937,69.737099,65.539ms
