,batchsize,expr_train,expr_infer,session_infer
1,1,666.031433,53.550255,36.210
2,2,1289.343506,97.775711,85.950
3,4,2395.047363,186.553452,177.975
4,8,4645.953125,380.374359,368.324
5,16,9364.246094,766.741821,753.743
6,32,19030.822266,1520.219238,1523.340
