,batchsize,expr_train,expr_infer,session_infer
1,1,227.895859,101.890610,11.705
2,2,323.664154,96.550743,24.553
3,4,480.080597,116.143578,48.090
4,8,805.367920,142.509109,97.874
5,16,1544.466187,240.757126,192.021
6,32,3121.985596,465.676392,386.775
