,batchsize,expr_train,expr_infer,session_infer
1,1,8.030107,0.536062,0.235
2,2,11.305015,1.174156,0.571
3,4,11.553945,1.063614,0.709
4,8,14.281797,3.083498,1.342
5,16,18.238165,5.508312,2.258
6,32,22.788105,4.624024,4.724
7,64,41.148224,9.520909,9.479
