,batchsize,expr_train,expr_infer,session_infer
1,1,11.246833,0.884696,0.652
2,2,13.797541,2.001257,1.229
3,4,14.186359,2.429143,1.714
4,8,18.983040,3.178616,3.582
5,16,28.367891,6.660056,6.370
6,32,50.184437,12.990288,12.483
7,64,97.259834,25.493586,24.010
8,128,184.093185,52.493454,52.919
