,batchsize,expr_train,expr_infer,session_infer
1,1,1142.401001,118.281754,60.834
2,2,1342.635132,222.712341,164.083
3,4,1965.738403,275.999847,290.317
4,8,3526.928711,466.106812,400.553
5,16,6602.523438,834.673279,758.382
6,32,13016.688477,1595.165039,1523.963
