,batchsize,expr_train,expr_infer,session_infer
1,1,387.000702,92.011604,34.498
2,2,588.360352,124.627319,62.380
3,4,968.864746,189.633102,125.210
4,8,1820.341553,328.180878,274.146
5,16,3686.532227,626.714050,528.935
6,32,7734.697754,1185.450562,1064.949
