,batchsize,expr_train,expr_infer,session_infer
1,1,7.693028,0.654629,0.270
2,2,11.776207,1.066289,0.586
3,4,12.693566,1.202312,1.804
4,8,14.888623,1.832583,1.439
5,16,18.322824,3.051537,3.217
6,32,26.375071,5.612432,3.916
