,batchsize,expr_train,expr_infer,session_infer
1,1,534.621033,102.194283,16.699
2,2,686.433777,115.923195,48.534
3,4,880.985596,139.500565,67.494
4,8,1450.945801,193.154922,125.343
5,16,3013.647949,305.931519,232.047
6,32,4338.652344,556.097534,432.067
