,batchsize,expr_train,expr_infer,session_infer
1,4,154.132843,0.236741,2.109
2,8,192.471756,0.374661,3.722
3,16,282.535614,0.656008,6.223
4,32,505.251068,1.331126,12.443
5,64,972.622803,2.605764,24.881
