,batchsize,expr_train,expr_infer,session_infer
1,1,361.282288,34.845451,11.472
2,2,666.090454,70.299156,28.721
3,4,1197.040894,74.951149,60.092
4,8,2397.200684,153.605209,125.375
5,16,4833.366211,302.128418,261.718
