,batchsize,expr_train,expr_infer,session_infer
1,1,1084.635132,101.721771,55.774
2,2,1249.857300,164.727432,162.352
3,4,1844.368164,254.837006,219.028
4,8,3284.371582,456.997009,428.594
5,16,6109.928223,746.841064,703.432
6,32,12198.319336,1472.429077,1353.901
