,batchsize,expr_train,expr_infer,session_infer
1,1,9.838851,0.748443,0.433
2,2,12.272804,1.574823,0.528
3,4,13.488472,2.001722,0.669
4,8,15.450193,3.371180,1.120
5,16,19.362610,2.768659,4.286
