,batchsize,expr_train,expr_infer,session_infer
1,1,9.760325,0.490149,0.259
2,2,11.286704,0.894271,0.725
3,4,12.001668,1.046230,0.707
4,8,13.845808,1.573948,1.209
5,16,16.404524,2.370561,1.984
6,32,22.914736,4.498485,4.348
