,batchsize,expr_train,expr_infer,session_infer
1,1,151.238770,68.167458,13.443
2,2,314.891083,63.095364,29.157
3,4,645.102966,89.141624,60.582
4,8,1343.583984,143.771835,124.872
5,16,2787.561768,272.979736,237.338
6,32,17414.033203,1650.521851,479.123
